Compound_ID,EGFR_Probability,Discovery_Rank,Binding_Affinity,Binding_Efficiency,H_Bonds,Hydrophobic_Contacts,Status
CHEMBL5193149,0.883,9,-10.127387562280239,-14.17119463661759,3,6,Novel Discovery
CHEMBL4164805,0.845,27,-9.424954859972003,-24.13913134560489,3,5,Novel Discovery
CHEMBL162142,0.801,67,-8.680699224357117,-21.158039344829053,1,4,Novel Discovery
Erlotinib,1.0,0,-9.698500068054,-25.695202647423212,3,7,FDA Approved
Gefitinib,1.0,0,-9.82594627854853,-21.986409519922432,2,4,FDA Approved
Osimertinib,1.0,0,-9.211956254862653,-18.738875529627297,4,6,FDA Approved
